Cluster_ID,EvolutionRate
1,0.11958
2,0.015816666666666666
3,0.00165
4,0.003471111111111111
5,0.015788571428571426
6,0.013305714285714285
7,0.03229275862068966
8,0.027050845070422533
9,0.00105375
